{"cameraMode":{"drawMode":0,"name":"Shaded","section":"Shading Mode"},"sceneLighting":true,"audioPlay":false,"sceneViewState":{"showFog":true,"showMaterialUpdate":true,"showSkybox":true,"showFlares":true,"showImageEffects":true,"showParticleSystems":true},"in2DMode":false,"pivot":{"x":5.700700759887695,"y":2.291121482849121,"z":3.4699978828430177},"rotation":{"x":-0.016409505158662797,"y":0.21927422285079957,"z":-0.0036492838989943268,"w":-0.9755508303642273},"size":4.041658401489258,"orthographic":false}